﻿id,이름,식당,메뉴,가격
1,황인규,집밥,뚝배기닭볶음탕,6500
2,황인규,집밥,제육볶음,6500
3,황인규,집밥,참치찌개,6000
4,황인규,집밥,치즈계란찜,6000
5,황인규,집밥,된장찌개,6000
6,황인규,코핫,등심돈가스,4500
7,황인규,코핫,오징어덮밥,5000
8,황인규,코핫,수제비,5000
9,황인규,코핫,어묵우동,3500
10,황인규,마미하우스,,0
11,김유경,집밥,뚝배기닭볶음탕,6500
12,김유경,집밥,청국장,6000
13,김유경,집밥,부대찌개,6500
14,김유경,집밥,제육볶음,6500
15,김유경,집밥,뚝배기닭볶음탕,6500
16,김유경,코핫,등심돈가스,4500
17,김유경,코핫,김치볶음밥,5000
18,김유경,코핫,돌솥비빕밥,5000
19,김유경,코핫,해물라면,4500
20,김유경,코핫,김치볶음밥,5000
21,김유경,마미하우스,,0
22,안중현,집밥,김치찌개,6000
23,안중현,집밥,된장찌개,6000
24,안중현,집밥,부대찌개,6500
25,안중현,집밥,부대찌개,6500
26,안중현,집밥,제육볶음,6500
27,안중현,코핫,육개장,5000
28,안중현,코핫,소불고기뚝배기,6000
29,안중현,코핫,고구마치즈돈가스,6000
30,안중현,코핫,김치볶음밥,5000
31,안중현,마미하우스,,0
32,안중현,마미하우스,,0
33,장미소,집밥,뚝배기닭볶음탕,6500
34,장미소,집밥,뚝배기닭볶음탕,6500
35,장미소,집밥,참치찌개,6000
36,장미소,집밥,치즈계란찜,6000
37,장미소,코핫,치즈돈가스,6000
38,장미소,코핫,라볶이,4000
39,장미소,코핫,치떡돈가스,7000
40,장미소,코핫,시원냉면,6000
41,장미소,코핫,수제비,5000
42,장미소,코핫,쫄면,4000
43,장미소,마미하우스,,0
44,황인규,코핫,쫄면,4000
45,황인규,코핫,순두부찌개,5000
46,장미소,집밥,뚝배기불고기,6500
47,황인규,집밥,부대찌개,6500
48,황인규,코핫,돈가스김밥,3000
49,황인규,코핫,순두부찌개,5000
50,황인규,코핫,시원냉면,6000
51,장미소,집밥,닭곰탕,6500
52,안중현,코핫,코핫김밥,1500
53,김유경,코핫,순두부찌개,5000
54,황인규,집밥,제육볶음,6500
55,황인규,코핫,오징어튀김김밥,3000
56,장미소,코핫,모듬튀김(대),6000
57,김유경,집밥,뚝배기닭볶음탕,6500
58,장미소,집밥,김치찌개,6000
59,장미소,집밥,청국장,6000
60,안중현,집밥,순두부찌개,6000
61,안중현,코핫,소불고기뚝배기,6000
62,안중현,코핫,보양식 지리삼계탕,12000
63,안중현,코핫,등심돈가스,4500
64,황인규,집밥,뚝불,6500
65,김유경,코핫,참치땡초김밥,3500
66,김유경,집밥,뚝불,6500
67,김유경,집밥,닭곰탕,6500
68,김유경,코핫,소고기김밥,3500
69,김유경,코핫,돌솥비빔밥,5000
70,김유경,코핫,치즈김밥,3000
71,김유경,코핫,코핫세트,10000
72,김유경,코핫,라볶이,4000
73,김유경,코핫,해물라면,4500
74,김유경,집밥,닭곰탕,6500
75,김유경,집밥,닭곰탕,6500
76,김유경,집밥,닭곰탕,6500
77,장미소,집밥,뚝닭,6500
78,장미소,집밥,뚝닭,6500
79,장미소,집밥,뚝닭,6500
80,장미소,집밥,김치찌개,6000
81,장미소,코핫,코핫떡볶이,2500
82,장미소,집밥,뚝닭,6500
83,장미소,집밥,치즈계란찜,6000
84,장미소,집밥,뚝닭,6500
85,장미소,코핫,코핫떡볶이,2500
86,황인규,집밥,뚝배기닭볶음탕,6500
87,황인규,코핫,우동,3500
88,황인규,코핫,치즈라면,3500
89,황인규,코핫,라면,3000
90,황인규,집밥,치즈계란찜,6000
91,황인규,집밥,김치찌개,6000
92,안중현,코핫,치떡돈가스,7000
93,안중현,코핫,된장찌개,5000
94,안중현,코핫,참치땡초김밥,3500
95,안중현,코핫,돌솥비빔밥,5000
96,안중현,코핫,제육덮밥,5000
97,안중현,코핫,라볶이,4000
98,안중현,코핫,코핫떡볶이,2500
99,안중현,코핫,시원냉면,6000
100,안중현,집밥,뚝닭,6500
