﻿Name,Position,Team,Speed,Shot,Pass,Dribbling,Defence,Physical,Ovr
L.Messi,CF,FC BARCELONA,82,85,85,90,33,61,87
H.KANE,CF,TOTTENHAM,65,83,73,74,44,77,79
A.Lacazette,CF,ARSENAL,76,76,66,78,38,68,76
R.Lukaku,CF,MANCHESTER UNITED,76,76,67,67,33,77,76
Eden Hazard,CF,CHELSEA,87,80,82,90,37,66,86
Leroy Sane,CF,MANCHESTER CITY,86,75,72,79,36,65,78
R.Sterling,CF,MANCHESTER CITY,84,70,70,80,42,51,77
J.Vardy,CF,LEICETER CITY,84,76,60,72,52,72,75
R.Lewandowski,CF,BAYERN MUNCHEN,71,81,68,78,39,75,79
K.Mbappe,CF,PSG,90,78,74,84,39,70,80
A.Griezmann,CF,AT MADRID,78,77,75,80,52,65,79
O.Dembele,CF,FC BARCELONA,85,72,72,80,35,54,77
G.Bale,CF,REAL MADRID,86,80,76,77,54,70,79
C.Ronaldo,CF,JUVENTUS,82,85,74,81,33,72,83
K.Benzema,CF,REAL MADRID,70,74,72,77,35,70,76
Neymar,CF,PSG,86,79,79,89,33,57,84
A.Martial,CF,MANCHESTER UNITED,81,75,67,79,38,65,76
David Silva,CM,MANCHESTER CITY,63,72,83,85,50,55,82
C.Eriksen,CM,TOTTENHAM,70,78,84,80,51,60,81
N.Kante,CM,CHELSEA,71,61,70,74,79,77,80
Bernardo Silva,CM,MANCHESTER CITY,76,69,78,85,48,59,79
P.Pogba,CM,MANCHESTER UNITED,68,73,77,77,60,77,76
Son Heung Min,CM,TOTTENHAM,81,80,75,80,39,69,78
L.Modric,CM,REAL MADRID,69,69,81,82,65,61,80
Sergio Busquets,CM,FC BARCELONA,48,57,73,73,78,73,79
T.Kroos,CM,REAL MADRID,52,73,81,75,65,62,78
A.Robben,CM,BAYERN MUNCHEN,72,78,74,80,31,57,75
Thiago,CM,BAYERN MUNCHEN,67,68,77,82,63,58,77
J.Henderson,CM,LIVERPOOL,62,66,76,69,71,73,75
M.Ozil,CM,ARSENAL,65,67,79,77,23,52,77
I.Rakitic,CM,FC BARCELONA,59,75,79,74,68,66,77
ISCO,CM,REAL MADRID,65,70,75,83,55,56,77
Sergio Ramos,CB,REAL MADRID,69,62,69,67,81,78,80
Pique,CB,FC BARCELONA,57,59,67,65,82,73,79
S.Umtiti,CB,FC BARCELONA,66,59,66,66,80,75,78
R.Varane,CB,REAL MADRID,77,43,56,59,78,73,76
V.van Dijk,CB,LIVERPOOL,73,59,68,69,85,82,83
A.Laporte,CB,MANCHESTER CITY,63,51,67,62,84,75,81
J.Vertoghen,CB,TOTTENHAM,59,59,69,67,81,74,78
A.Robertson,WB,LIVERPOOL,80,57,72,74,76,72,78
K.Walker,WB,MANCHESTER CITY,83,59,71,72,75,75,76
D.Rose,WB,TOTTENHAM,72,58,69,73,73,72,74
Jordi Alba,WB,FC BARCELONA,85,63,73,76,73,67,77
Carvajal,WB,REAL MADRID,76,43,70,74,75,73,76
D.Alaba,WB,BAYERN MUNCHEN,79,70,76,76,76,72,77
Ricardo Pereira,WB,LEICETER CITY,83,62,74,77,74,68,77
